N,objective,matrix_type,density,method,time,obj,ratio
15,max,known,,lpr,9.015414592700001,215869.2,1.0
15,max,known,,faq,0.00016191499999999997,215869.2,1.0
15,max,known,,rand,0.0028081698,172240.9,0.7944852890316068
15,max,known,,mms,9.3054625113,166797.6,0.7641117394933113
15,max,known,,ns,201.57749361880002,170181.0,0.7870023541726983
