N,objective,matrix_type,density,method,time,obj,ratio
20,max,known,,lpr,75.96571031330001,383417.8,1.0
20,max,known,,faq,0.0002616782,383417.8,1.0
20,max,known,,rand,0.00041320230000000004,297737.5,0.7765360540786597
20,max,known,,mms,76.624266053,288392.4,0.7540964317351115
20,max,known,,ns,1937.445926107,296620.4,0.7694145853951608
